fpr,tpr
1,1
0.005169,0.84863
0,0
