fpr,tpr
1,1
0.304334,0.993113
0,0
