fpr,tpr
1,1
0.321224,0.991992
0,0
