fpr,tpr
1,1
0.007163,0.67304
0,0
